"text_cd","l_subject_cd","grade_cd","t_subject_cd","name","created_at","updated_at","deleted_at"
"04103001","103",4,"103","中学受験新演習　算数小4上",,,
"04103002","103",4,"103","中学受験新演習　算数小4下",,,
"04103003","103",4,"103","標準新演習　算数小4上",,,
"04103004","103",4,"103","標準新演習　算数小4下",,,
"04103005","103",4,"103","予習シリーズ　算数4年上",,,
"04103006","103",4,"103","予習シリーズ　算数4年下",,,
"04103007","103",4,"103","予習シリーズ　演習問題集　算数4年上",,,
"04103008","103",4,"103","予習シリーズ　演習問題集　算数4年下",,,
"04103009","103",4,"103","ピラミッド　小4",,,
"04103010","103",4,"103","本科教室　算数4年（日能研）",,,
"04103011","103",4,"103","中学入試の攻略（新小学問題集）",,,
"04103012","103",4,"103","ワーク算数　小4",,,
"04103013","103",4,"103","ちびむすドリル",,,
"04103014","103",4,"103","4科のまとめ",,,
"04103015","103",4,"103","サーパス　算数・徹底理解編",,,
"04103016","103",4,"103","サーパス　算数・問題演習編",,,
"04103017","103",4,"103","サーパス　算数・実践テスト編",,,
"04103018","103",4,"103","栄冠への道",,,
"04103019","103",4,"103","デイリーサポート",,,
"04103020","103",4,"103","デイリーサピックス",,,
"04103022","103",4,"103","その他（サピックス）",,,
"04103023","103",4,"103","出る順（計算）",,,
"04103024","103",4,"103","出る順（算数文章問題）",,,
"04103025","103",4,"103","出る順（図形）",,,
"04103026","103",4,"103","2人に1人が解ける基本問題",,,
"04103027","103",4,"103","自由自在問題集",,,
"04103098","103",4,"103","学校教材・教科書",,,
"04103099","103",4,"103","算数小4 その他",,,
"04104001","104",4,"104","予習シリーズ　国語　4年　上",,,
"04104002","104",4,"104","予習シリーズ　国語　4年　下",,,
"04104003","104",4,"104","中学受験新演習　国語小4　上",,,
"04104004","104",4,"104","中学受験新演習　国語小4　下",,,
"04104005","104",4,"104","出る順（読解）",,,
"04104006","104",4,"104","出る順（ことわざ・語句・文法）",,,
"04104007","104",4,"104","出る順（漢字）",,,
"04104096","104",4,"104","漢字・語彙・文法",,,
"04104098","104",4,"104","学校教材・教科書",,,
"04104099","104",4,"104","その他",,,
"04106001","106",4,"106","予習シリーズ　理科　小4上",,,
"04106002","106",4,"106","予習シリーズ　理科　小4下",,,
"04106003","106",4,"106","予習シリーズ　演習問題集　理科　小4上",,,
"04106004","106",4,"106","予習シリーズ　演習問題集　理科　小4下",,,
"04106005","106",4,"106","新演習　理科　小4上",,,
"04106006","106",4,"106","新演習　理科　小4下",,,
"04106007","106",4,"106","出る順",,,
"04106008","106",4,"106","自由自在問題集",,,
"04106098","106",4,"106","学校教材・教科書",,,
"04106099","106",4,"106","その他",,,
"04111001","111",4,"111","社会新演習小４上",,,
"04111002","111",4,"111","社会新演習小４下",,,
"04111003","111",4,"111","社会予習シリーズ小４上",,,
"04111004","111",4,"111","社会予習シリーズ小４下",,,
"04111005","111",4,"111","社会新小学問題集ステージ１",,,
"04111006","111",4,"111","自由自在問題集",,,
"04111007","111",4,"111","出る順（社会）",,,
"04111008","111",4,"111","出る順（歴史年表）",,,
"04111009","111",4,"111","出る順（白地図）",,,
"04111098","111",4,"111","社会学校教材・教科書",,,
"04111099","111",4,"111","社会その他",,,
"04501125","501",4,"103","自由自在問題集",,,
"04501101","501",4,"103","中学受験新演習　算数小4上",,,
"04501102","501",4,"103","中学受験新演習　算数小4下",,,
"04501103","501",4,"103","標準新演習　算数小4上",,,
"04501104","501",4,"103","標準新演習　算数小4下",,,
"04501105","501",4,"103","予習シリーズ　算数4年上",,,
"04501106","501",4,"103","予習シリーズ　算数4年下",,,
"04501107","501",4,"103","予習シリーズ　演習問題集　算数4年上",,,
"04501108","501",4,"103","予習シリーズ　演習問題集　算数4年下",,,
"04501109","501",4,"103","ピラミッド　小4",,,
"04501110","501",4,"103","本科教室　算数4年（日能研）",,,
"04501111","501",4,"103","中学入試の攻略（新小学問題集）",,,
"04501112","501",4,"103","ワーク算数　小4",,,
"04501113","501",4,"103","ちびむすドリル",,,
"04501114","501",4,"103","4科のまとめ",,,
"04501115","501",4,"103","サーパス　算数・徹底理解編",,,
"04501116","501",4,"103","サーパス　算数・問題演習編",,,
"04501117","501",4,"103","サーパス　算数・実践テスト編",,,
"04501118","501",4,"103","栄冠への道",,,
"04501119","501",4,"103","デイリーサポート",,,
"04501120","501",4,"103","デイリーサピックス",,,
"04501121","501",4,"103","出る順（計算）",,,
"04501122","501",4,"103","出る順（算数文章問題）",,,
"04501123","501",4,"103","出る順（図形）",,,
"04501124","501",4,"103","2人に1人が解ける基本問題",,,
"04501198","501",4,"103","学校教材・教科書",,,
"04501199","501",4,"103","算数その他",,,
"04501201","501",4,"104","予習シリーズ　国語　4年　上",,,
"04501202","501",4,"104","予習シリーズ　国語　4年　下",,,
"04501203","501",4,"104","中学受験新演習　国語小4　上",,,
"04501204","501",4,"104","中学受験新演習　国語小4　下",,,
"04501205","501",4,"104","出る順（読解）",,,
"04501206","501",4,"104","出る順（ことわざ・語句・文法）",,,
"04501207","501",4,"104","出る順（漢字）",,,
"04501296","501",4,"104","漢字・語彙・文法",,,
"04501299","501",4,"104","国語その他",,,
"04504101","504",4,"106","予習シリーズ　理科　小4上",,,
"04504102","504",4,"106","予習シリーズ　理科　小4下",,,
"04504103","504",4,"106","予習シリーズ　演習問題集　理科　小4上",,,
"04504104","504",4,"106","予習シリーズ　演習問題集　理科　小4下",,,
"04504105","504",4,"106","新演習　理科　小4上",,,
"04504106","504",4,"106","新演習　理科　小4下",,,
"04504107","504",4,"106","出る順",,,
"04504108","504",4,"106","自由自在問題集",,,
"04504198","504",4,"106","理科学校教材・教科書",,,
"04504199","504",4,"106","理科その他",,,
"04504201","504",4,"111","新演習　社会　小４上",,,
"04504202","504",4,"111","新演習　社会　小４下",,,
"04504203","504",4,"111","予習シリーズ　社会　小４上",,,
"04504204","504",4,"111","予習シリーズ　社会　小４下",,,
"04504205","504",4,"111","新小学問題集ステージ１",,,
"04504206","504",4,"111","自由自在問題集",,,
"04504207","504",4,"111","出る順（社会）",,,
"04504208","504",4,"111","出る順（歴史年表）",,,
"04504209","504",4,"111","出る順（白地図）",,,
"04504298","504",4,"111","社会学校教材・教科書",,,
"04504299","504",4,"111","社会その他",,,
"04506101","506",4,"104","予習シリーズ　国語　4年　上",,,
"04506102","506",4,"104","予習シリーズ　国語　4年　下",,,
"04506103","506",4,"104","中学受験新演習　国語小4　上",,,
"04506104","506",4,"104","中学受験新演習　国語小4　下",,,
"04506105","506",4,"104","出る順（読解）",,,
"04506106","506",4,"104","出る順（ことわざ・語句・文法）",,,
"04506107","506",4,"104","出る順（漢字）",,,
"04506196","506",4,"104","漢字・語彙・文法",,,
"04506198","506",4,"104","国語学校教材・教科書",,,
"04506199","506",4,"104","国語その他",,,
"04506201","506",4,"111","社会新演習小４上",,,
"04506202","506",4,"111","社会新演習小４下",,,
"04506203","506",4,"111","社会予習シリーズ小４上",,,
"04506204","506",4,"111","社会予習シリーズ小４下",,,
"04506205","506",4,"111","社会新小学問題集ステージ１",,,
"04506206","506",4,"111","自由自在問題集",,,
"04506207","506",4,"111","出る順（社会）",,,
"04506208","506",4,"111","出る順（歴史年表）",,,
"04506209","506",4,"111","出る順（白地図）",,,
"04506298","506",4,"111","社会学校教材・教科書",,,
"04506299","506",4,"111","社会その他",,,
"04507125","507",4,"103","自由自在問題集",,,
"04507101","507",4,"103","中学受験新演習　算数小4上",,,
"04507102","507",4,"103","中学受験新演習　算数小4下",,,
"04507103","507",4,"103","標準新演習　算数小4上",,,
"04507104","507",4,"103","標準新演習　算数小4下",,,
"04507105","507",4,"103","予習シリーズ　算数4年上",,,
"04507106","507",4,"103","予習シリーズ　算数4年下",,,
"04507107","507",4,"103","予習シリーズ　演習問題集　算数4年上",,,
"04507108","507",4,"103","予習シリーズ　演習問題集　算数4年下",,,
"04507109","507",4,"103","ピラミッド　小4",,,
"04507110","507",4,"103","本科教室　算数4年（日能研）",,,
"04507111","507",4,"103","中学入試の攻略（新小学問題集）",,,
"04507112","507",4,"103","ワーク算数　小4",,,
"04507113","507",4,"103","ちびむすドリル",,,
"04507114","507",4,"103","4科のまとめ",,,
"04507115","507",4,"103","サーパス　算数・徹底理解編",,,
"04507116","507",4,"103","サーパス　算数・問題演習編",,,
"04507117","507",4,"103","サーパス　算数・実践テスト編",,,
"04507118","507",4,"103","栄冠への道",,,
"04507119","507",4,"103","デイリーサポート",,,
"04507120","507",4,"103","デイリーサピックス",,,
"04507121","507",4,"103","出る順（計算）",,,
"04507122","507",4,"103","出る順（算数文章問題）",,,
"04507123","507",4,"103","出る順（図形）",,,
"04507124","507",4,"103","2人に1人が解ける基本問題",,,
"04507198","507",4,"103","学校教材・教科書",,,
"04507199","507",5,"103","算数その他",,,
"04507201","507",4,"106","予習シリーズ　理科　小4上",,,
"04507202","507",4,"106","予習シリーズ　理科　小4下",,,
"04507203","507",4,"106","予習シリーズ　演習問題集　理科　小4上",,,
"04507204","507",4,"106","予習シリーズ　演習問題集　理科　小4下",,,
"04507205","507",4,"106","新演習　理科　小4上",,,
"04507206","507",4,"106","新演習　理科　小4下",,,
"04507207","507",4,"106","出る順",,,
"04507208","507",4,"106","自由自在問題集",,,
"04507298","507",4,"106","理科学校教材・教科書",,,
"04507299","507",4,"106","理科その他",,,
"05103001","103",5,"103","中学受験新演習　算数小5上",,,
"05103002","103",5,"103","中学受験新演習　算数小5下",,,
"05103003","103",5,"103","標準新演習　算数小5上",,,
"05103004","103",5,"103","標準新演習　算数小5下",,,
"05103005","103",5,"103","予習シリーズ　算数5年上",,,
"05103006","103",5,"103","予習シリーズ　算数5年下",,,
"05103007","103",5,"103","予習シリーズ　演習問題集　算数5年上",,,
"05103008","103",5,"103","予習シリーズ　演習問題集　算数5年下",,,
"05103009","103",5,"103","ピラミッド　小5",,,
"05103010","103",5,"103","本科教室　算数5年（日能研）",,,
"05103011","103",5,"103","中学入試の攻略（新小学問題集）",,,
"05103012","103",5,"103","ワーク算数　小5",,,
"05103013","103",5,"103","ちびむすドリル",,,
"05103014","103",5,"103","4科のまとめ",,,
"05103015","103",5,"103","サーパス　算数・徹底理解編",,,
"05103016","103",5,"103","サーパス　算数・問題演習編",,,
"05103017","103",5,"103","サーパス　算数・実践テスト編",,,
"05103018","103",5,"103","栄冠への道",,,
"05103019","103",5,"103","デイリーサポート",,,
"05103020","103",5,"103","デイリーサピックス",,,
"05103022","103",5,"103","その他（サピックス）",,,
"05103023","103",5,"103","出る順（計算）",,,
"05103024","103",5,"103","出る順（算数文章問題）",,,
"05103025","103",5,"103","出る順（図形）",,,
"05103026","103",5,"103","2人に1人が解ける基本問題",,,
"05103127","103",5,"103","自由自在問題集",,,
"05103098","103",5,"103","学校教材・教科書",,,
"05103099","103",5,"103","算数小5 その他",,,
"05104001","104",5,"104","予習シリーズ　国語　5年　上",,,
"05104002","104",5,"104","予習シリーズ　国語　5年　下",,,
"05104003","104",5,"104","中学受験新演習　国語小5　上",,,
"05104004","104",5,"104","中学受験新演習　国語小5　下",,,
"05104005","104",5,"104","出る順（読解）",,,
"05104006","104",5,"104","出る順（ことわざ・語句・文法）",,,
"05104007","104",5,"104","出る順（漢字）",,,
"05104096","104",5,"104","漢字・語彙・文法",,,
"05104098","104",5,"104","学校教材・教科書",,,
"05104099","104",5,"104","その他",,,
"05106001","106",5,"106","予習シリーズ　理科　小5上",,,
"05106002","106",5,"106","予習シリーズ　理科　小5下",,,
"05106003","106",5,"106","予習シリーズ　演習問題集　理科　小5上",,,
"05106004","106",5,"106","予習シリーズ　演習問題集　理科　小5下",,,
"05106005","106",5,"106","新演習　理科　小5上",,,
"05106006","106",5,"106","新演習　理科　小5下",,,
"05106007","106",5,"106","出る順",,,
"05106008","106",5,"106","自由自在問題集",,,
"05106098","106",5,"106","学校教材・教科書",,,
"05106099","106",5,"106","その他",,,
"05111001","111",5,"111","社会新演習小５上",,,
"05111002","111",5,"111","社会新演習小５下",,,
"05111003","111",5,"111","社会予習シリーズ小５上",,,
"05111004","111",5,"111","社会予習シリーズ小５下",,,
"05111005","111",5,"111","社会新小学問題集ステージ２",,,
"05111006","111",5,"111","自由自在問題集",,,
"05111007","111",5,"111","出る順（社会）",,,
"05111008","111",5,"111","出る順（歴史年表）",,,
"05111009","111",5,"111","出る順（白地図）",,,
"05111098","111",5,"111","社会学校教材・教科書",,,
"05111099","111",5,"111","社会その他",,,
"05501025","501",5,"103","自由自在問題集",,,
"05501101","501",5,"103","中学受験新演習　算数小5上",,,
"05501102","501",5,"103","中学受験新演習　算数小5下",,,
"05501103","501",5,"103","標準新演習　算数小5上",,,
"05501104","501",5,"103","標準新演習　算数小5下",,,
"05501105","501",5,"103","予習シリーズ　算数5年上",,,
"05501106","501",5,"103","予習シリーズ　算数5年下",,,
"05501107","501",5,"103","予習シリーズ　演習問題集　算数5年上",,,
"05501108","501",5,"103","予習シリーズ　演習問題集　算数5年下",,,
"05501109","501",5,"103","ピラミッド　小5",,,
"05501110","501",5,"103","本科教室　算数5年（日能研）",,,
"05501111","501",5,"103","中学入試の攻略（新小学問題集）",,,
"05501112","501",5,"103","ワーク算数　小5",,,
"05501113","501",5,"103","ちびむすドリル",,,
"05501114","501",5,"103","4科のまとめ",,,
"05501115","501",5,"103","サーパス　算数・徹底理解編",,,
"05501116","501",5,"103","サーパス　算数・問題演習編",,,
"05501117","501",5,"103","サーパス　算数・実践テスト編",,,
"05501118","501",5,"103","栄冠への道",,,
"05501119","501",5,"103","デイリーサポート",,,
"05501120","501",5,"103","デイリーサピックス",,,
"05501121","501",5,"103","出る順（計算）",,,
"05501122","501",5,"103","出る順（算数文章問題）",,,
"05501123","501",5,"103","出る順（図形）",,,
"05501124","501",5,"103","2人に1人が解ける基本問題",,,
"05501198","501",5,"103","学校教材・教科書",,,
"05501199","501",5,"103","算数その他",,,
"05501201","501",5,"104","予習シリーズ　国語　5年　上",,,
"05501202","501",5,"104","予習シリーズ　国語　5年　下",,,
"05501203","501",5,"104","中学受験新演習　国語小5　上",,,
"05501204","501",5,"104","中学受験新演習　国語小5　下",,,
"05501205","501",5,"104","出る順（読解）",,,
"05501206","501",5,"104","出る順（ことわざ・語句・文法）",,,
"05501207","501",5,"104","出る順（漢字）",,,
"05501296","501",5,"104","漢字・語彙・文法",,,
"05501299","501",5,"104","国語その他",,,
"05504101","504",5,"106","予習シリーズ　理科　小5上",,,
"05504102","504",5,"106","予習シリーズ　理科　小5下",,,
"05504103","504",5,"106","予習シリーズ　演習問題集　理科　小5上",,,
"05504104","504",5,"106","予習シリーズ　演習問題集　理科　小5下",,,
"05504105","504",5,"106","新演習　理科　小5上",,,
"05504106","504",5,"106","新演習　理科　小5下",,,
"05504107","504",5,"106","出る順",,,
"05504108","504",5,"106","自由自在問題集",,,
"05504198","504",5,"106","理科学校教材・教科書",,,
"05504199","504",5,"106","理科その他",,,
"05504201","504",5,"111","新演習　社会　小５上",,,
"05504202","504",5,"111","新演習　社会　小５下",,,
"05504203","504",5,"111","予習シリーズ　社会　小５上",,,
"05504204","504",5,"111","予習シリーズ　社会　小５下",,,
"05504205","504",5,"111","新小学問題集ステージ２",,,
"05504206","504",5,"111","自由自在問題集",,,
"05504207","504",5,"111","出る順（社会）",,,
"05504208","504",5,"111","出る順（歴史年表）",,,
"05504209","504",5,"111","出る順（白地図）",,,
"05504298","504",5,"111","社会学校教材・教科書",,,
"05504299","504",5,"111","社会その他",,,
"05506101","506",5,"104","予習シリーズ　国語　5年　上",,,
"05506102","506",5,"104","予習シリーズ　国語　5年　下",,,
"05506103","506",5,"104","中学受験新演習　国語小5　上",,,
"05506104","506",5,"104","中学受験新演習　国語小5　下",,,
"05506105","506",5,"104","出る順（読解）",,,
"05506106","506",5,"104","出る順（ことわざ・語句・文法）",,,
"05506107","506",5,"104","出る順（漢字）",,,
"05506196","506",5,"104","漢字・語彙・文法",,,
"05506198","506",5,"104","国語学校教材・教科書",,,
"05506199","506",5,"104","国語その他",,,
"05506201","506",5,"111","社会新演習小５上",,,
"05506202","506",5,"111","社会新演習小５下",,,
"05506203","506",5,"111","社会予習シリーズ小５上",,,
"05506204","506",5,"111","社会予習シリーズ小５下",,,
"05506205","506",5,"111","社会新小学問題集ステージ２",,,
"05506206","506",5,"111","自由自在問題集",,,
"05506207","506",5,"111","出る順（社会）",,,
"05506208","506",5,"111","出る順（歴史年表）",,,
"05506209","506",5,"111","出る順（白地図）",,,
"05506298","506",5,"111","社会学校教材・教科書",,,
"05506299","506",5,"111","社会その他",,,
"05507125","507",5,"103","自由自在問題集",,,
"05507101","507",5,"103","中学受験新演習　算数小5上",,,
"05507102","507",5,"103","中学受験新演習　算数小5下",,,
"05507103","507",5,"103","標準新演習　算数小5上",,,
"05507104","507",5,"103","標準新演習　算数小5下",,,
"05507105","507",5,"103","予習シリーズ　算数5年上",,,
"05507106","507",5,"103","予習シリーズ　算数5年下",,,
"05507107","507",5,"103","予習シリーズ　演習問題集　算数5年上",,,
"05507108","507",5,"103","予習シリーズ　演習問題集　算数5年下",,,
"05507109","507",5,"103","ピラミッド　小5",,,
"05507110","507",5,"103","本科教室　算数5年（日能研）",,,
"05507111","507",5,"103","中学入試の攻略（新小学問題集）",,,
"05507112","507",5,"103","ワーク算数　小5",,,
"05507113","507",5,"103","ちびむすドリル",,,
"05507114","507",5,"103","4科のまとめ",,,
"05507115","507",5,"103","サーパス　算数・徹底理解編",,,
"05507116","507",5,"103","サーパス　算数・問題演習編",,,
"05507117","507",5,"103","サーパス　算数・実践テスト編",,,
"05507118","507",5,"103","栄冠への道",,,
"05507119","507",5,"103","デイリーサポート",,,
"05507120","507",5,"103","デイリーサピックス",,,
"05507121","507",5,"103","出る順（計算）",,,
"05507122","507",5,"103","出る順（算数文章問題）",,,
"05507123","507",5,"103","出る順（図形）",,,
"05507124","507",5,"103","2人に1人が解ける基本問題",,,
"05507198","507",5,"103","学校教材・教科書",,,
"05507199","507",6,"103","算数その他",,,
"05507201","507",5,"106","予習シリーズ　理科　小5上",,,
"05507202","507",5,"106","予習シリーズ　理科　小5下",,,
"05507203","507",5,"106","予習シリーズ　演習問題集　理科　小5上",,,
"05507204","507",5,"106","予習シリーズ　演習問題集　理科　小5下",,,
"05507205","507",5,"106","新演習　理科　小5上",,,
"05507206","507",5,"106","新演習　理科　小5下",,,
"05507207","507",5,"106","出る順",,,
"05507208","507",5,"106","自由自在問題集",,,
"05507298","507",5,"106","理科学校教材・教科書",,,
"05507299","507",5,"106","理科その他",,,
"06102001","104",6,"104","予習シリーズ　国語　6年　上",,,
"06102002","104",6,"104","予習シリーズ　国語　6年　下",,,
"06102003","104",6,"104","中学受験新演習　国語小6　上",,,
"06102004","104",6,"104","中学受験新演習　国語小6　下",,,
"06102005","104",6,"104","出る順（読解）",,,
"06102006","104",6,"104","出る順（ことわざ・語句・文法）",,,
"06102007","104",6,"104","出る順（漢字）",,,
"06102097","104",6,"104","過去問",,,
"06102098","104",6,"104","学校教材・教科書",,,
"06102099","104",6,"104","その他",,,
"06103001","103",6,"103","中学受験新演習　算数小6上",,,
"06103002","103",6,"103","中学受験新演習　算数小6下",,,
"06103003","103",6,"103","標準新演習　算数小6上",,,
"06103004","103",6,"103","標準新演習　算数小6下",,,
"06103005","103",6,"103","予習シリーズ　算数6年上",,,
"06103006","103",6,"103","予習シリーズ　算数4年上",,,
"06103007","103",6,"103","予習シリーズ　演習問題集　算数6年上",,,
"06103008","103",6,"103","予習シリーズ　演習問題集　算数6年下",,,
"06103009","103",6,"103","ピラミッド　小6",,,
"06103010","103",6,"103","本科教室　算数6年（日能研）",,,
"06103011","103",6,"103","中学入試の攻略（新小学問題集）",,,
"06103012","103",6,"103","ワーク算数　小6",,,
"06103013","103",6,"103","ちびむすドリル",,,
"06103014","103",6,"103","4科のまとめ",,,
"06103015","103",6,"103","サーパス　算数・徹底理解編",,,
"06103016","103",6,"103","サーパス　算数・問題演習編",,,
"06103017","103",6,"103","サーパス　算数・実践テスト編",,,
"06103018","103",6,"103","栄冠への道",,,
"06103019","103",6,"103","デイリーサポート",,,
"06103020","103",6,"103","デイリーサピックス",,,
"06103021","103",6,"103","土曜特訓プリント（サピックス）",,,
"06103022","103",6,"103","その他（サピックス）",,,
"06103023","103",6,"103","出る順（計算）",,,
"06103024","103",6,"103","出る順（算数文章問題）",,,
"06103025","103",6,"103","出る順（図形）",,,
"06103026","103",6,"103","2人に1人が解ける基本問題",,,
"06103027","103",6,"103","自由自在問題集",,,
"06103097","103",6,"103","過去問",,,
"06103098","103",6,"103","学校教材・教科書",,,
"06103099","103",6,"103","算数小6 その他",,,
"06104096","104",6,"104","漢字・語彙・文法",,,
"06106001","106",6,"106","予習シリーズ　理科　小6上",,,
"06106002","106",6,"106","予習シリーズ　理科　小6下",,,
"06106003","106",6,"106","予習シリーズ　演習問題集　理科　小6上",,,
"06106004","106",6,"106","予習シリーズ　演習問題集　理科　小6下",,,
"06106005","106",6,"106","新演習　理科　小6上",,,
"06106006","106",6,"106","新演習　理科　小6下",,,
"06106007","106",6,"106","新演習　コンプリーション　理科小6",,,
"06106008","106",6,"106","中学入試　出る順　過去問　理科",,,
"06106009","106",6,"106","中学受験用　理科　メモリーチェック",,,
"06106010","106",6,"106","自由自在問題集　中学入試　理科",,,
"06106097","106",6,"106","過去問",,,
"06106098","106",6,"106","学校教材・教科書",,,
"06106099","106",6,"106","その他",,,
"06111001","111",6,"111","社会新演習小6上",,,
"06111002","111",6,"111","社会新演習小6下",,,
"06111003","111",6,"111","社会予習シリーズ小６上",,,
"06111004","111",6,"111","社会予習シリーズ小６下",,,
"06111005","111",6,"111","社会新小学問題集ステージ３",,,
"06111006","111",6,"111","社会中学入試の攻略",,,
"06111007","111",6,"111","自由自在問題集",,,
"06111008","111",6,"111","出る順（社会）",,,
"06111009","111",6,"111","出る順（歴史年表）",,,
"06111010","111",6,"111","出る順（白地図）",,,
"06111097","111",6,"111","社会過去問",,,
"06111098","111",6,"111","社会学校教材・教科書",,,
"06111099","111",6,"111","社会その他",,,
"06501126","501",6,"103","自由自在問題集",,,
"06501101","501",6,"103","中学受験新演習　算数小6上",,,
"06501102","501",6,"103","中学受験新演習　算数小6下",,,
"06501103","501",6,"103","標準新演習　算数小6上",,,
"06501104","501",6,"103","標準新演習　算数小6下",,,
"06501105","501",6,"103","予習シリーズ　算数6年上",,,
"06501106","501",6,"103","予習シリーズ　算数6年下",,,
"06501107","501",6,"103","予習シリーズ　演習問題集　算数6年上",,,
"06501108","501",6,"103","予習シリーズ　演習問題集　算数6年下",,,
"06501109","501",6,"103","ピラミッド　小6",,,
"06501110","501",6,"103","本科教室　算数6年（日能研）",,,
"06501111","501",6,"103","中学入試の攻略（新小学問題集）",,,
"06501112","501",6,"103","ワーク算数　小6",,,
"06501113","501",6,"103","ちびむすドリル",,,
"06501114","501",6,"103","4科のまとめ",,,
"06501115","501",6,"103","サーパス　算数・徹底理解編",,,
"06501116","501",6,"103","サーパス　算数・問題演習編",,,
"06501117","501",6,"103","サーパス　算数・実践テスト編",,,
"06501118","501",6,"103","栄冠への道",,,
"06501119","501",6,"103","デイリーサポート",,,
"06501120","501",6,"103","デイリーサピックス",,,
"06501121","501",6,"103","土曜特訓プリント（サピックス）",,,
"06501122","501",6,"103","出る順（計算）",,,
"06501123","501",6,"103","出る順（算数文章問題）",,,
"06501124","501",6,"103","出る順（図形）",,,
"06501125","501",6,"103","2人に1人が解ける基本問題",,,
"06501197","501",6,"103","算数過去問",,,
"06501198","501",6,"103","学校教材・教科書",,,
"06501199","501",6,"103","算数その他",,,
"06501201","501",6,"104","予習シリーズ　国語　6年　上",,,
"06501202","501",6,"104","予習シリーズ　国語　6年　下",,,
"06501203","501",6,"104","中学受験新演習　国語小6　上",,,
"06501204","501",6,"104","中学受験新演習　国語小6　下",,,
"06501205","501",6,"104","出る順（読解）",,,
"06501206","501",6,"104","出る順（ことわざ・語句・文法）",,,
"06501207","501",6,"104","出る順（漢字）",,,
"06501296","501",6,"104","漢字・語彙・文法",,,
"06501297","501",6,"104","国語過去問",,,
"06501299","501",6,"104","国語その他",,,
"06504101","504",6,"106","予習シリーズ　理科　小6上",,,
"06504102","504",6,"106","予習シリーズ　理科　小6下",,,
"06504103","504",6,"106","予習シリーズ　演習問題集　理科　小6上",,,
"06504104","504",6,"106","予習シリーズ　演習問題集　理科　小6下",,,
"06504105","504",6,"106","新演習　理科　小6上",,,
"06504106","504",6,"106","新演習　理科　小6下",,,
"06504107","504",6,"106","新演習　コンプリーション　理科小6",,,
"06504108","504",6,"106","中学入試　出る順　過去問　理科",,,
"06504109","504",6,"106","中学受験用　理科　メモリーチェック",,,
"06504110","504",6,"106","自由自在問題集　中学入試　理科",,,
"06504197","504",6,"106","理科過去問",,,
"06504198","504",6,"106","理科学校教材・教科書",,,
"06504199","504",6,"106","理科その他",,,
"06504204","504",6,"111","新演習　社会　小6上",,,
"06504205","504",6,"111","新演習　社会　小6下",,,
"06504206","504",6,"111","予習シリーズ　社会　小６上",,,
"06504217","504",6,"111","予習シリーズ　社会　小６下",,,
"06504218","504",6,"111","新小学問題集ステージ３",,,
"06504219","504",6,"111","中学入試の攻略",,,
"06504220","504",6,"111","自由自在問題集",,,
"06504221","504",6,"111","出る順（社会）",,,
"06504222","504",6,"111","出る順（歴史年表）",,,
"06504223","504",6,"111","出る順（白地図）",,,
"06504297","504",6,"111","社会学校教材・教科書",,,
"06504298","504",6,"111","社会過去問",,,
"06504299","504",6,"111","社会その他",,,
"06506101","506",6,"104","予習シリーズ　国語　6年　上",,,
"06506102","506",6,"104","予習シリーズ　国語　6年　下",,,
"06506103","506",6,"104","中学受験新演習　国語小6　上",,,
"06506104","506",6,"104","中学受験新演習　国語小6　下",,,
"06506105","506",6,"104","出る順（読解）",,,
"06506106","506",6,"104","出る順（ことわざ・語句・文法）",,,
"06506107","506",6,"104","出る順（漢字）",,,
"06506196","506",6,"104","漢字・語彙・文法",,,
"06506197","506",6,"104","国語過去問",,,
"06506198","506",6,"104","国語学校教材・教科書",,,
"06506199","506",6,"104","国語その他",,,
"06506201","506",6,"111","社会新演習小6上",,,
"06506202","506",6,"111","社会新演習小6下",,,
"06506203","506",6,"111","社会予習シリーズ小６上",,,
"06506204","506",6,"111","社会予習シリーズ小６下",,,
"06506205","506",6,"111","社会新小学問題集ステージ３",,,
"06506206","506",6,"111","社会中学入試の攻略",,,
"06506207","506",6,"111","自由自在問題集",,,
"06506208","506",6,"111","出る順（社会）",,,
"06506209","506",6,"111","出る順（歴史年表）",,,
"06506210","506",6,"111","出る順（白地図）",,,
"06506297","506",6,"111","社会過去問",,,
"06506298","506",6,"111","社会学校教材・教科書",,,
"06506299","506",6,"111","社会その他",,,
"06507126","507",6,"103","自由自在問題集",,,
"06507101","507",6,"103","中学受験新演習　算数小6上",,,
"06507102","507",6,"103","中学受験新演習　算数小6下",,,
"06507103","507",6,"103","標準新演習　算数小6上",,,
"06507104","507",6,"103","標準新演習　算数小6下",,,
"06507105","507",6,"103","予習シリーズ　算数6年上",,,
"06507106","507",6,"103","予習シリーズ　算数6年下",,,
"06507107","507",6,"103","予習シリーズ　演習問題集　算数6年上",,,
"06507108","507",6,"103","予習シリーズ　演習問題集　算数6年下",,,
"06507109","507",6,"103","ピラミッド　小6",,,
"06507110","507",6,"103","本科教室　算数6年（日能研）",,,
"06507111","507",6,"103","中学入試の攻略（新小学問題集）",,,
"06507112","507",6,"103","ワーク算数　小6",,,
"06507113","507",6,"103","ちびむすドリル",,,
"06507114","507",6,"103","4科のまとめ",,,
"06507115","507",6,"103","サーパス　算数・徹底理解編",,,
"06507116","507",6,"103","サーパス　算数・問題演習編",,,
"06507117","507",6,"103","サーパス　算数・実践テスト編",,,
"06507118","507",6,"103","栄冠への道",,,
"06507119","507",6,"103","デイリーサポート",,,
"06507120","507",6,"103","デイリーサピックス",,,
"06507121","507",6,"103","土曜特訓プリント（サピックス）",,,
"06507122","507",6,"103","出る順（計算）",,,
"06507123","507",6,"103","出る順（算数文章問題）",,,
"06507124","507",6,"103","出る順（図形）",,,
"06507125","507",6,"103","2人に1人が解ける基本問題",,,
"06507197","507",4,"103","算数過去問",,,
"06507198","507",6,"103","学校教材・教科書",,,
"06507199","507",6,"103","算数その他",,,
"06507201","507",6,"106","予習シリーズ　理科　小6上",,,
"06507202","507",6,"106","予習シリーズ　理科　小6下",,,
"06507203","507",6,"106","予習シリーズ　演習問題集　理科　小6上",,,
"06507204","507",6,"106","予習シリーズ　演習問題集　理科　小6下",,,
"06507205","507",6,"106","新演習　理科　小6上",,,
"06507206","507",6,"106","新演習　理科　小6下",,,
"06507207","507",6,"106","新演習　コンプリーション　理科小6",,,
"06507208","507",6,"106","中学入試　出る順　過去問　理科",,,
"06507209","507",6,"106","中学受験用　理科　メモリーチェック",,,
"06507210","507",6,"106","自由自在問題集　中学入試　理科",,,
"06507297","507",6,"106","理科過去問",,,
"06507298","507",6,"106","理科学校教材・教科書",,,
"06507299","507",6,"106","理科その他",,,
"07101001","101",7,"101","新中学問題集　中学１年",,,
"07101002","101",7,"101","新中学問題集発展編　中学１年",,,
"07101003","101",7,"101","Sirius 21 vol1",,,
"07101004","101",7,"101","Sirius21 vol1 発展編",,,
"07101005","101",7,"101","iワーク　中１　三省",,,
"07101006","101",7,"101","iワーク　中１　",,,
"07101007","101",7,"101","Jack21　英語vol.1",,,
"07101008","101",7,"101","BLUE SKY 1",,,
"07101009","101",7,"101","NEW TREASURE1",,,
"07101010","101",7,"101","フォレスタステップ中1",,,
"07101011","101",7,"101","英検",,,
"07101096","101",7,"101","単語帳",,,
"07101098","101",7,"101","学校教材・教科書",,,
"07101099","101",7,"101","その他",,,
"07102001","102",7,"102","Sirius21　数学vol.1",,,
"07102002","102",7,"102","Sirius21　数学vol.1 　発展編",,,
"07102003","102",7,"102","Jack 1",,,
"07102004","102",7,"102","Jack 1 　発展編",,,
"07102005","102",7,"102","新中学問題集数学1年",,,
"07102006","102",7,"102","新中学問題集数学1年発展編",,,
"07102007","102",7,"102","i ワーク　中１数学　",,,
"07102008","102",7,"102","システム数学１",,,
"07102009","102",7,"102","フォレスタ　中１",,,
"07102010","102",7,"102","数学完全問題集",,,
"07102011","102",7,"102","キーワーク　数学1年",,,
"07102012","102",7,"102","計トレ！　1年",,,
"07102013","102",7,"102","数BEKI　代数１",,,
"07102014","102",7,"102","数BEKI　幾何１",,,
"07102015","102",7,"102","体系数学問題集数学１　代数",,,
"07102016","102",7,"102","体系数学問題集数学１　幾何",,,
"07102098","102",7,"102","学校教材・教科書",,,
"07102099","102",7,"102","数学中１その他",,,
"07104001","104",7,"104","Iワーク　中1　国語　光村",,,
"07104002","104",7,"104","sirius21　国語 vol.1 発展編",,,
"07104003","104",7,"104","新中学問題集　国語1年",,,
"07104004","104",7,"104","新中学問題集　発展編　国語1年",,,
"07104096","104",7,"104","漢字・語彙・文法",,,
"07104098","104",7,"104","学校教材・教科書",,,
"07104099","104",7,"104","その他",,,
"07106001","106",7,"106","新中学問題集　理科1年",,,
"07106002","106",7,"106","iワーク　理科　中1",,,
"07106098","106",7,"106","学校教材・教科書",,,
"07106099","106",7,"106","その他",,,
"07111001","111",7,"111","iワーク　社会",,,
"07111002","111",7,"111","iワーク＋　社会",,,
"07111003","111",7,"111","新中学問題集　社会",,,
"07111004","111",7,"111","標準新演習　社会",,,
"07111098","111",7,"111","学校教材・教科書",,,
"07111099","111",7,"111","その他",,,
"07502101","502",7,"102","Sirius21　数学vol.1",,,
"07502102","502",7,"102","Sirius21　数学vol.1 　発展編",,,
"07502103","502",7,"102","Jack 1",,,
"07502104","502",7,"102","Jack 1 　発展編",,,
"07502105","502",7,"102","新中学問題集数学1年",,,
"07502106","502",7,"102","新中学問題集数学1年発展編",,,
"07502107","502",7,"102","i ワーク　中１数学　",,,
"07502108","502",7,"102","システム数学１",,,
"07502109","502",7,"102","フォレスタ　中１",,,
"07502110","502",7,"102","数学完全問題集",,,
"07502111","502",7,"102","キーワーク　数学1年",,,
"07502112","502",7,"102","計トレ！　1年",,,
"07502113","502",7,"102","数BEKI　代数１",,,
"07502114","502",7,"102","数BEKI　幾何１",,,
"07502115","502",7,"102","体系数学問題集数学１　代数",,,
"07502116","502",7,"102","体系数学問題集数学１　幾何",,,
"07502198","502",7,"102","数学学校教材・教科書",,,
"07502199","502",7,"102","数学その他",,,
"07502201","502",7,"106","新中学問題集　理科1年",,,
"07502202","502",7,"106","iワーク　理科　中1",,,
"07502298","502",7,"106","理科学校教材・教科書",,,
"07502299","502",7,"106","理科その他",,,
"07503101","503",7,"101","新中学問題集　中学１年",,,
"07503102","503",7,"101","新中学問題集発展編　中学１年",,,
"07503103","503",7,"101","Sirius 21 vol1",,,
"07503104","503",7,"101","Sirius21 vol1 発展編",,,
"07503105","503",7,"101","iワーク　中１　三省",,,
"07503106","503",7,"101","iワーク　中１　",,,
"07503107","503",7,"101","Jack21　英語vol.1",,,
"07503108","503",7,"101","BLUE SKY 1",,,
"07503109","503",7,"101","NEW TREASURE1",,,
"07503110","503",7,"101","フォレスタステップ中1",,,
"07503111","503",7,"101","英検",,,
"07503196","503",7,"101","単語帳",,,
"07503198","503",7,"101","英語学校教材・教科書",,,
"07503199","503",7,"101","英語その他",,,
"07503201","503",7,"102","Sirius21　数学vol.1",,,
"07503202","503",7,"102","Sirius21　数学vol.1 　発展編",,,
"07503203","503",7,"102","Jack 1",,,
"07503204","503",7,"102","Jack 1 　発展編",,,
"07503205","503",7,"102","新中学問題集数学1年",,,
"07503206","503",7,"102","新中学問題集数学1年発展編",,,
"07503207","503",7,"102","i ワーク　中１数学　",,,
"07503208","503",7,"102","システム数学１",,,
"07503209","503",7,"102","フォレスタ　中１",,,
"07503210","503",7,"102","数学完全問題集",,,
"07503211","503",7,"102","キーワーク　数学1年",,,
"07503212","503",7,"102","計トレ！　1年",,,
"07503213","503",7,"102","数BEKI　代数１",,,
"07503214","503",7,"102","数BEKI　幾何１",,,
"07503215","503",7,"102","体系数学問題集数学１　代数",,,
"07503216","503",7,"102","体系数学問題集数学１　幾何",,,
"07503298","503",7,"102","数学学校教材・教科書",,,
"07503299","503",7,"102","数学その他",,,
"07504101","504",7,"106","新中学問題集　理科1年",,,
"07504102","504",7,"106","iワーク　理科　中1",,,
"07504198","504",7,"106","理科学校教材・教科書",,,
"07504199","504",7,"106","理科その他",,,
"07504201","504",7,"111","iワーク　社会",,,
"07504202","504",7,"111","iワーク＋　社会",,,
"07504203","504",7,"111","新中学問題集　社会",,,
"07504204","504",7,"111","標準新演習　社会",,,
"07504298","504",7,"111","社会学校教材・教科書",,,
"07504299","504",7,"111","社会その他",,,
"07505101","505",7,"101","新中学問題集　中学１年",,,
"07505102","505",7,"101","新中学問題集発展編　中学１年",,,
"07505103","505",7,"101","Sirius 21 vol1",,,
"07505104","505",7,"101","Sirius21 vol1 発展編",,,
"07505105","505",7,"101","iワーク　中１　三省",,,
"07505106","505",7,"101","iワーク　中１　",,,
"07505107","505",7,"101","Jack21　英語vol.1",,,
"07505108","505",7,"101","BLUE SKY 1",,,
"07505109","505",7,"101","NEW TREASURE1",,,
"07505110","505",7,"101","フォレスタステップ中1",,,
"07505111","505",7,"101","英検",,,
"07505196","505",7,"101","英語単語帳",,,
"07505198","505",7,"101","英語学校教材・教科書",,,
"07505199","505",7,"101","英語その他",,,
"07505201","505",7,"104","Iワーク　中1　国語　光村",,,
"07505202","505",7,"104","sirius21　国語 vol.1 発展編",,,
"07505203","505",7,"104","新中学問題集　国語1年",,,
"07505204","505",7,"104","新中学問題集　発展編　国語1年",,,
"07505296","505",7,"104","漢字・語彙・文法",,,
"07505298","505",7,"104","国語学校教材・教科書",,,
"07505299","505",7,"104","国語その他",,,
"07506101","506",7,"104","Iワーク　中1　国語　光村",,,
"07506102","506",7,"104","sirius21　国語 vol.1 発展編",,,
"07506103","506",7,"104","新中学問題集　国語1年",,,
"07506104","506",7,"104","新中学問題集　発展編　国語1年",,,
"07506196","506",7,"104","漢字・語彙・文法",,,
"07506198","506",7,"104","国語学校教材・教科書",,,
"07506199","506",7,"104","国語その他",,,
"07506201","506",7,"111","iワーク　社会",,,
"07506202","506",7,"111","iワーク＋　社会",,,
"07506203","506",7,"111","新中学問題集　社会",,,
"07506204","506",7,"111","標準新演習　社会",,,
"07506298","506",7,"111","社会学校教材・教科書",,,
"07506299","506",7,"111","社会その他",,,
"08101001","101",8,"101","新中学問題集　中学２年",,,
"08101002","101",8,"101","新中学問題集発展編　中学２年",,,
"08101003","101",8,"101","Sirius21 vol2",,,
"08101004","101",8,"101","Sirius 21 vol2 発展編",,,
"08101005","101",8,"101","iワーク　中２　",,,
"08101006","101",8,"101","Jack21　英語vol.2",,,
"08101007","101",8,"101","BLUE SKY 2",,,
"08101008","101",8,"101","NEW TREASURE2",,,
"08101009","101",8,"101","フォレスタステップ中2",,,
"08101010","101",8,"101","英検",,,
"08101096","101",8,"101","単語帳",,,
"08101098","101",8,"101","学校教材・教科書",,,
"08101099","101",8,"101","その他",,,
"08102001","102",8,"102","Sirius21　数学vol.2",,,
"08102002","102",8,"102","Sirius21　数学vol.2　発展編",,,
"08102003","102",8,"102","Jack2　",,,
"08102004","102",8,"102","Jack2　発展編",,,
"08102005","102",8,"102","新中学問題集数学2年",,,
"08102006","102",8,"102","新中学問題集数学2年発展編",,,
"08102007","102",8,"102","i ワーク　中２数学",,,
"08102008","102",8,"102","計トレ！　2年",,,
"08102009","102",8,"102","キーワーク　数学２年",,,
"08102010","102",8,"102","数学完全問題集",,,
"08102011","102",8,"102","システム数学２",,,
"08102012","102",8,"102","フォレスタ　中２",,,
"08102013","102",8,"102","数BEKI　代数１",,,
"08102014","102",8,"102","数BEKI　代数２",,,
"08102015","102",8,"102","数BEKI　幾何１",,,
"08102016","102",8,"102","数BEKI　幾何２",,,
"08102017","102",8,"102","体系数学問題集数学１　代数",,,
"08102018","102",8,"102","体系数学問題集数学２　代数",,,
"08102019","102",8,"102","体系数学問題集数学１　幾何",,,
"08102020","102",8,"102","体系数学問題集数学２　幾何",,,
"08102098","102",8,"102","学校教材・教科書",,,
"08102099","102",8,"102","数学中２その他",,,
"08104001","104",8,"104","Iワーク　中２　国語　光村",,,
"08104002","104",8,"104","sirius21　国語 vol.2発展編",,,
"08104003","104",8,"104","sirius21　国語 vol.2発展編",,,
"08104004","104",8,"104","新中学問題集　国語2年",,,
"08104005","104",8,"104","新中学問題集　発展編　国語2年",,,
"08104096","104",8,"104","漢字・語彙・文法",,,
"08104098","104",8,"104","学校教材・教科書",,,
"08104099","104",8,"104","その他",,,
"08106001","106",8,"106","新中学問題集　理科2年",,,
"08106002","106",8,"106","iワーク　理科　中2",,,
"08106098","106",8,"106","学校教材・教科書",,,
"08106099","106",8,"106","その他",,,
"08111001","111",8,"111","iワーク　社会",,,
"08111002","111",8,"111","iワーク＋　社会",,,
"08111003","111",8,"111","新中学問題集　社会",,,
"08111004","111",8,"111","標準新演習　社会",,,
"08111005","111",8,"111","マイクリア　社会",,,
"08111098","111",8,"111","教科書・学校教材",,,
"08111099","111",8,"111","その他",,,
"08502101","502",8,"102","Sirius21　数学vol.2",,,
"08502102","502",8,"102","Sirius21　数学vol.2　発展編",,,
"08502103","502",8,"102","Jack2　",,,
"08502104","502",8,"102","Jack2　発展編",,,
"08502105","502",8,"102","新中学問題集数学2年",,,
"08502106","502",8,"102","新中学問題集数学2年発展編",,,
"08502107","502",8,"102","i ワーク　中２数学",,,
"08502108","502",8,"102","計トレ！　2年",,,
"08502109","502",8,"102","キーワーク　数学２年",,,
"08502110","502",8,"102","数学完全問題集",,,
"08502111","502",8,"102","システム数学２",,,
"08502112","502",8,"102","フォレスタ　中２",,,
"08502113","502",8,"102","数BEKI　代数１",,,
"08502114","502",8,"102","数BEKI　代数２",,,
"08502115","502",8,"102","数BEKI　幾何１",,,
"08502116","502",8,"102","数BEKI　幾何２",,,
"08502117","502",8,"102","体系数学問題集数学１　代数",,,
"08502118","502",8,"102","体系数学問題集数学２　代数",,,
"08502119","502",8,"102","体系数学問題集数学１　幾何",,,
"08502120","502",8,"102","体系数学問題集数学２　幾何",,,
"08502198","502",8,"102","数学学校教材・教科書",,,
"08502199","502",8,"102","数学その他",,,
"08502201","502",8,"106","新中学問題集　理科2年",,,
"08502202","502",8,"106","iワーク　理科　中2",,,
"08502298","502",8,"106","理科学校教材・教科書",,,
"08502299","502",8,"106","理科その他",,,
"08503101","503",8,"101","新中学問題集　中学２年",,,
"08503102","503",8,"101","新中学問題集発展編　中学２年",,,
"08503103","503",8,"101","Sirius21 vol2",,,
"08503104","503",8,"101","Sirius 21 vol2 発展編",,,
"08503105","503",8,"101","iワーク　中２　",,,
"08503106","503",8,"101","Jack21　英語vol.2",,,
"08503107","503",8,"101","BLUE SKY 2",,,
"08503108","503",8,"101","NEW TREASURE2",,,
"08503109","503",8,"101","フォレスタステップ中2",,,
"08503110","503",8,"101","英検",,,
"08503196","503",8,"101","単語帳",,,
"08503198","503",8,"101","英語学校教材・教科書",,,
"08503199","503",8,"101","英語その他",,,
"08503201","503",8,"102","Sirius21　数学vol.2",,,
"08503202","503",8,"102","Sirius21　数学vol.2　発展編",,,
"08503203","503",8,"102","Jack2　",,,
"08503204","503",8,"102","Jack2　発展編",,,
"08503205","503",8,"102","新中学問題集数学2年",,,
"08503206","503",8,"102","新中学問題集数学2年発展編",,,
"08503207","503",8,"102","i ワーク　中２数学",,,
"08503208","503",8,"102","計トレ！　2年",,,
"08503209","503",8,"102","キーワーク　数学２年",,,
"08503210","503",8,"102","数学完全問題集",,,
"08503211","503",8,"102","システム数学２",,,
"08503212","503",8,"102","フォレスタ　中２",,,
"08503213","503",8,"102","数BEKI　代数１",,,
"08503214","503",8,"102","数BEKI　代数２",,,
"08503215","503",8,"102","数BEKI　幾何１",,,
"08503216","503",8,"102","数BEKI　幾何２",,,
"08503217","503",8,"102","体系数学問題集数学１　代数",,,
"08503218","503",8,"102","体系数学問題集数学２　代数",,,
"08503219","503",8,"102","体系数学問題集数学１　幾何",,,
"08503220","503",8,"102","体系数学問題集数学２　幾何",,,
"08503298","503",8,"102","数学学校教材・教科書",,,
"08503299","503",8,"102","数学その他",,,
"08504101","504",8,"106","新中学問題集　理科2年",,,
"08504102","504",8,"106","iワーク　理科　中2",,,
"08504198","504",8,"106","理科学校教材・教科書",,,
"08504199","504",8,"106","理科その他",,,
"08504201","504",8,"111","iワーク　社会",,,
"08504202","504",8,"111","iワーク＋　社会",,,
"08504203","504",8,"111","新中学問題集　社会",,,
"08504204","504",8,"111","標準新演習　社会",,,
"08504205","504",8,"111","マイクリア　社会",,,
"08504298","504",8,"111","社会教科書・学校教材",,,
"08504299","504",8,"111","社会その他",,,
"08505101","505",8,"101","新中学問題集　中学２年",,,
"08505102","505",8,"101","新中学問題集発展編　中学２年",,,
"08505103","505",8,"101","Sirius21 vol2",,,
"08505104","505",8,"101","Sirius 21 vol2 発展編",,,
"08505105","505",8,"101","iワーク　中２　",,,
"08505106","505",8,"101","Jack21　英語vol.2",,,
"08505107","505",8,"101","BLUE SKY 2",,,
"08505108","505",8,"101","NEW TREASURE2",,,
"08505109","505",8,"101","フォレスタステップ中2",,,
"08505110","505",8,"101","英検",,,
"08505196","505",8,"101","英語単語帳",,,
"08505198","505",8,"101","英語学校教材・教科書",,,
"08505199","505",8,"101","英語その他",,,
"08505202","505",8,"104","Iワーク　中２　国語　光村",,,
"08505203","505",8,"104","sirius21　国語 vol.2発展編",,,
"08505204","505",8,"104","sirius21　国語 vol.2発展編",,,
"08505205","505",8,"104","新中学問題集　国語2年",,,
"08505206","505",8,"104","新中学問題集　発展編　国語2年",,,
"08505296","505",8,"104","漢字・語彙・文法",,,
"08505298","505",8,"104","国語学校教材・教科書",,,
"08505299","505",8,"104","国語その他",,,
"08506101","506",8,"104","Iワーク　中２　国語　光村",,,
"08506102","506",8,"104","sirius21　国語 vol.2発展編",,,
"08506103","506",8,"104","sirius21　国語 vol.2発展編",,,
"08506104","506",8,"104","新中学問題集　国語2年",,,
"08506105","506",8,"104","新中学問題集　発展編　国語2年",,,
"08506196","506",8,"104","漢字・語彙・文法",,,
"08506198","506",8,"104","国語学校教材・教科書",,,
"08506199","506",8,"104","国語その他",,,
"08506201","506",8,"111","iワーク　社会",,,
"08506202","506",8,"111","iワーク＋　社会",,,
"08506203","506",8,"111","新中学問題集　社会",,,
"08506204","506",8,"111","標準新演習　社会",,,
"08506205","506",8,"111","マイクリア　社会",,,
"08506298","506",8,"111","社会教科書・学校教材",,,
"08506299","506",8,"111","社会その他",,,
"09101001","101",9,"101","新中学問題集　中学３年",,,
"09101002","101",9,"101","新中学問題集発展編　中学３年",,,
"09101003","101",9,"101","Sirius vol3 発展編",,,
"09101004","101",9,"101","iワーク　中３",,,
"09101005","101",9,"101","Jack21　英語vol.3",,,
"09101006","101",9,"101","県トレ　",,,
"09101007","101",9,"101","都トレ　",,,
"09101008","101",9,"101","BLUE SKY 3",,,
"09101009","101",9,"101","NEW TREASURE3",,,
"09101010","101",9,"101","フォレスタステップ中3",,,
"09101011","101",9,"101","英検",,,
"09101096","101",9,"101","単語帳",,,
"09101097","101",9,"101","過去問",,,
"09101098","101",9,"101","学校教材・教科書",,,
"09101099","101",9,"101","その他",,,
"09102001","102",9,"102","Sirius21　数学vol.3",,,
"09102002","102",9,"102","Sirius21　数学vol.3　発展編",,,
"09102003","102",9,"102","Jack 3",,,
"09102004","102",9,"102","Jack 3　発展編",,,
"09102005","102",9,"102","新中学問題集数学3年",,,
"09102006","102",9,"102","新中学問題集数学3年発展編",,,
"09102007","102",9,"102","i ワーク　中３数学",,,
"09102008","102",9,"102","システム数学３",,,
"09102009","102",9,"102","フォレスタ　中３",,,
"09102010","102",9,"102","計トレ！　3年",,,
"09102011","102",9,"102","キーワーク　数学３年",,,
"09102012","102",9,"102","数学完全問題集",,,
"09102013","102",9,"102","数BEKI　代数２",,,
"09102014","102",9,"102","数BEKI　幾何２",,,
"09102015","102",9,"102","体系数学問題集数学２　代数",,,
"09102016","102",9,"102","体系数学問題集数学２　幾何",,,
"09102097","102",9,"102","過去問",,,
"09102098","102",9,"102","学校教材・教科書",,,
"09102099","102",9,"102","数学中３その他",,,
"09104001","104",9,"104","Iワーク　中３　国語　光村",,,
"09104002","104",9,"104","Iワーク　中３　国語　教出",,,
"09104003","104",9,"104","sirius21　国語 vol.３発展編",,,
"09104004","104",9,"104","sirius21　国語 vol.３",,,
"09104005","104",9,"104","新中学問題集　国語3年",,,
"09104006","104",9,"104","新中学問題集　発展編　国語3年",,,
"09104007","104",9,"104","発展新演習　国語中3",,,
"09104096","104",9,"104","漢字・語彙・文法",,,
"09104097","104",9,"104","過去問",,,
"09104098","104",9,"104","学校教材・教科書",,,
"09104099","104",9,"104","その他",,,
"09106001","106",9,"106","新中学問題集　理科3年",,,
"09106002","106",9,"106","iワーク　理科　中3",,,
"09106003","106",9,"106","マイクリア　理科",,,
"09106097","106",9,"106","過去問",,,
"09106098","106",9,"106","学校教材・教科書",,,
"09106099","106",9,"106","その他",,,
"09111001","111",9,"111","iワーク　社会",,,
"09111002","111",9,"111","iワーク＋　社会",,,
"09111003","111",9,"111","新中学問題集　社会",,,
"09111004","111",9,"111","標準新演習　社会",,,
"09111005","111",9,"111","マイクリア　社会",,,
"09111097","111",9,"111","過去問",,,
"09111098","111",9,"111","学校教材・教科書",,,
"09111099","111",9,"111","その他",,,
"09502101","502",9,"102","Sirius21　数学vol.3",,,
"09502102","502",9,"102","Sirius21　数学vol.3　発展編",,,
"09502103","502",9,"102","Jack 3",,,
"09502104","502",9,"102","Jack 3　発展編",,,
"09502105","502",9,"102","新中学問題集数学3年",,,
"09502106","502",9,"102","新中学問題集数学3年発展編",,,
"09502107","502",9,"102","i ワーク　中３数学",,,
"09502108","502",9,"102","システム数学３",,,
"09502109","502",9,"102","フォレスタ　中３",,,
"09502110","502",9,"102","計トレ！　3年",,,
"09502111","502",9,"102","キーワーク　数学３年",,,
"09502112","502",9,"102","数学完全問題集",,,
"09502113","502",9,"102","数BEKI　代数２",,,
"09502114","502",9,"102","数BEKI　幾何２",,,
"09502115","502",9,"102","体系数学問題集数学２　代数",,,
"09502116","502",9,"102","体系数学問題集数学２　幾何",,,
"09502117","502",9,"102","数学過去問",,,
"09502198","502",9,"102","数学学校教材・教科書",,,
"09502199","502",9,"102","数学その他",,,
"09502201","502",9,"106","新中学問題集　理科3年",,,
"09502202","502",9,"106","iワーク　理科　中3",,,
"09502203","502",9,"106","マイクリア　理科",,,
"09502297","502",9,"106","理科過去問",,,
"09502298","502",9,"106","理科学校教材・教科書",,,
"09502299","502",9,"106","理科その他",,,
"09503101","503",9,"101","新中学問題集　中学３年",,,
"09503102","503",9,"101","新中学問題集発展編　中学３年",,,
"09503103","503",9,"101","Sirius vol3 発展編",,,
"09503104","503",9,"101","iワーク　中３",,,
"09503105","503",9,"101","Jack21　英語vol.3",,,
"09503106","503",9,"101","県トレ　",,,
"09503107","503",9,"101","都トレ　",,,
"09503108","503",9,"101","BLUE SKY 3",,,
"09503109","503",9,"101","NEW TREASURE3",,,
"09503110","503",9,"101","フォレスタステップ中3",,,
"09503111","503",9,"101","英検",,,
"09503196","503",9,"101","単語帳",,,
"09503197","503",9,"101","英語過去問",,,
"09503198","503",9,"101","英語学校教材・教科書",,,
"09503199","503",9,"101","英語その他",,,
"09503201","503",9,"102","Sirius21　数学vol.3",,,
"09503202","503",9,"102","Sirius21　数学vol.3　発展編",,,
"09503203","503",9,"102","Jack 3",,,
"09503204","503",9,"102","Jack 3　発展編",,,
"09503205","503",9,"102","新中学問題集数学3年",,,
"09503206","503",9,"102","新中学問題集数学3年発展編",,,
"09503207","503",9,"102","i ワーク　中３数学",,,
"09503208","503",9,"102","システム数学３",,,
"09503209","503",9,"102","フォレスタ　中３",,,
"09503210","503",9,"102","計トレ！　3年",,,
"09503211","503",9,"102","キーワーク　数学３年",,,
"09503212","503",9,"102","数学完全問題集",,,
"09503213","503",9,"102","数BEKI　代数２",,,
"09503214","503",9,"102","数BEKI　幾何２",,,
"09503215","503",9,"102","体系数学問題集数学２　代数",,,
"09503216","503",9,"102","体系数学問題集数学２　幾何",,,
"09503297","503",9,"102","数学過去問",,,
"09503298","503",9,"102","数学学校教材・教科書",,,
"09503299","503",9,"102","数学その他",,,
"09504101","504",9,"106","新中学問題集　理科3年",,,
"09504102","504",9,"106","iワーク　理科　中3",,,
"09504103","504",9,"106","マイクリア　理科",,,
"09504197","504",9,"106","理科過去問",,,
"09504198","504",9,"106","理科学校教材・教科書",,,
"09504199","504",9,"106","理科その他",,,
"09504201","504",9,"111","iワーク　社会",,,
"09504202","504",9,"111","iワーク＋　社会",,,
"09504203","504",9,"111","新中学問題集　社会",,,
"09504204","504",9,"111","標準新演習　社会",,,
"09504205","504",9,"111","マイクリア　社会",,,
"09504297","504",9,"111","社会過去問",,,
"09504298","504",9,"111","社会学校教材・教科書",,,
"09504299","504",9,"111","社会その他",,,
"09505101","505",9,"101","新中学問題集　中学３年",,,
"09505102","505",9,"101","新中学問題集発展編　中学３年",,,
"09505103","505",9,"101","Sirius vol3 発展編",,,
"09505104","505",9,"101","iワーク　中３",,,
"09505105","505",9,"101","Jack21　英語vol.3",,,
"09505106","505",9,"101","県トレ　",,,
"09505107","505",9,"101","都トレ　",,,
"09505108","505",9,"101","BLUE SKY 3",,,
"09505109","505",9,"101","NEW TREASURE3",,,
"09505110","505",9,"101","フォレスタステップ中3",,,
"09505111","505",9,"101","英検",,,
"09505196","505",9,"101","英語単語帳",,,
"09505197","505",9,"101","英語過去問",,,
"09505198","505",9,"101","英語学校教材・教科書",,,
"09505199","505",9,"101","英語その他",,,
"09505201","505",9,"104","Iワーク　中３　国語　光村",,,
"09505202","505",9,"104","Iワーク　中３　国語　教出",,,
"09505203","505",9,"104","sirius21　国語 vol.３発展編",,,
"09505204","505",9,"104","sirius21　国語 vol.３",,,
"09505205","505",9,"104","新中学問題集　国語3年",,,
"09505206","505",9,"104","新中学問題集　発展編　国語3年",,,
"09505207","505",9,"104","発展新演習　国語中3",,,
"09505296","505",9,"104","漢字・語彙・文法",,,
"09505297","505",9,"104","国語過去問",,,
"09505298","505",9,"104","国語学校教材・教科書",,,
"09505299","505",9,"104","国語その他",,,
"09506101","506",9,"104","Iワーク　中３　国語　光村",,,
"09506102","506",9,"104","Iワーク　中３　国語　教出",,,
"09506103","506",9,"104","sirius21　国語 vol.３発展編",,,
"09506104","506",9,"104","sirius21　国語 vol.３",,,
"09506105","506",9,"104","新中学問題集　国語3年",,,
"09506106","506",9,"104","新中学問題集　発展編　国語3年",,,
"09506107","506",9,"104","発展新演習　国語中3",,,
"09506196","506",9,"104","漢字・語彙・文法",,,
"09506197","506",9,"104","国語過去問",,,
"09506198","506",9,"104","国語学校教材・教科書",,,
"09506199","506",9,"104","国語その他",,,
"09506201","506",9,"111","iワーク　社会",,,
"09506202","506",9,"111","iワーク＋　社会",,,
"09506203","506",9,"111","新中学問題集　社会",,,
"09506204","506",9,"111","標準新演習　社会",,,
"09506205","506",9,"111","マイクリア　社会",,,
"09506297","506",9,"111","社会過去問",,,
"09506298","506",9,"111","社会学校教材・教科書",,,
"09506299","506",9,"111","社会その他",,,
"10101001","101",10,"101","高校リード問題集英語Ⅰ",,,
"10101002","101",10,"101","高校リード問題集英文法A",,,
"10101003","101",10,"101","Vision Quest",,,
"10101004","101",10,"101","英検",,,
"10101096","101",10,"101","単語帳",,,
"10101098","101",10,"101","学校教材・教科書",,,
"10101099","101",10,"101","その他",,,
"10102001","102",10,"102","チャート式　基礎からの数学１＋A",,,
"10102002","102",10,"102","チャート式　解法と演習１＋A",,,
"10102003","102",10,"102","Focus Gold　数学１＋A",,,
"10102004","102",10,"102","4ステップ数学１＋A",,,
"10102005","102",10,"102","高校リード問題集　数学１",,,
"10102006","102",10,"102","高校リード問題集　数学A",,,
"10102007","102",10,"102","サクシード　数学１＋A",,,
"10102008","102",10,"102","アドバンス　数学１＋A",,,
"10102009","102",10,"102","短期集中ゼミ　数学１＋A",,,
"10102010","102",10,"102","Hi-PRIME　数学１＋A",,,
"10102011","102",10,"102","クリアー　数学１＋A",,,
"10102012","102",10,"102","マスグレード　数学１＋A",,,
"10102013","102",10,"102","フォレスタ　数学１",,,
"10102014","102",10,"102","フォレスタ　数学A",,,
"10102015","102",10,"102","体系数学問題集数学３　代数",,,
"10102016","102",10,"102","体系数学問題集数学３　幾何",,,
"10102017","102",10,"102","メジアン１・２・A・B",,,
"10102098","102",10,"102","学校教材・教科書",,,
"10102099","102",10,"102","数学高１その他",,,
"10104001","104",10,"104","入試現代文へのアクセス（基本編・発展編・完成編）",,,
"10104002","104",10,"104","得点奪取　現代文",,,
"10104003","104",10,"104","入試精選問題集",,,
"10104004","104",10,"104","現代文と格闘する",,,
"10104005","104",10,"104","標準問題精講　現代文",,,
"10104006","104",10,"104","全レベル別問題集（旺文社）",,,
"10104007","104",10,"104","現代文のトレーニング（Z会）",,,
"10104008","104",10,"104","新・現代文　レベル別問題集（東進）",,,
"10104009","104",10,"104","ちくま評論入門",,,
"10104010","104",10,"104","ちくま評論選",,,
"10104011","104",10,"104","出口式　現代文　新レベル別問題集",,,
"10104012","104",10,"104","Can Pass 現代文",,,
"10104013","104",10,"104","現代文ポラリス",,,
"10104096","104",10,"104","漢字・語彙・文法",,,
"10104098","104",10,"104","学校教材・過去問",,,
"10104099","104",10,"104","その他",,,
"10105001","105",10,"105","ステップアップノート　古典文法トレーニング",,,
"10105002","105",10,"105","ステップアップノート10　漢文　句形ドリルと演習",,,
"10105003","105",10,"105","ステップアップノート30　古典文法基礎ドリル",,,
"10105004","105",10,"105","漢文早覚え速答法",,,
"10105005","105",10,"105","Z会古文上達　読解と演習56",,,
"10105096","105",10,"105","単語帳",,,
"10105098","105",10,"105","学校教材・教科書",,,
"10105099","105",10,"105","その他",,,
"10107001","107",10,"107","セミナー化学基礎＋化学",,,
"10107002","107",10,"107","シグマ基本問題集　化学基礎",,,
"10107003","107",10,"107","シグマ基本問題集　化学",,,
"10107004","107",10,"107","リードLightノート化学",,,
"10107005","107",10,"107","リードLightノート化学基礎",,,
"10107006","107",10,"107","化学重要問題集ー化学基礎・化学ー",,,
"10107007","107",10,"107","化学[化学・化学基礎]基礎問題精講",,,
"10107008","107",10,"107","化学[化学・化学基礎]標準問題精講",,,
"10107098","107",10,"107","学校教材・教科書",,,
"10107099","107",10,"107","その他",,,
"10108001","108",10,"108","2022セミナー物理基礎＋物理",,,
"10108002","108",10,"108","2021物理重要問題集ー物理基礎・物理ー",,,
"10108003","108",10,"108","物理[物理基礎・物理]入門問題精講",,,
"10108004","108",10,"108","良問の風　物理　",,,
"10108005","108",10,"108","名門の森　物理　力学・熱・波動I",,,
"10108006","108",10,"108","名門の森　物理　波動II・電磁気・原子",,,
"10108098","108",10,"108","学校教材・教科書",,,
"10108099","108",10,"108","その他",,,
"10109001","109",10,"109","セミナー生物基礎＋生物",,,
"10109002","109",10,"109","ニューグローバル　生物",,,
"10109003","109",10,"109","入門問題精講　生物",,,
"10109004","109",10,"109","基礎問題精議　生物",,,
"10109005","109",10,"109","リードLightノート　生物基礎・生物",,,
"10109006","109",10,"109","生物基礎をはじめからていねいに（東進）",,,
"10109007","109",10,"109","ランク順　高校生物一問一答",,,
"10109008","109",10,"109","レベル別問題集（旺文社）",,,
"10109098","109",10,"109","学校教材・教科書",,,
"10109099","109",10,"109","その他",,,
"10112001","112",10,"112","詳説　世界史　世界史B",,,
"10112002","112",10,"112","ナビーゲーター世界史B",,,
"10112003","112",10,"112","時代と流れで覚える！世界史B用語",,,
"10112004","112",10,"112","タテ（ヨコ）から見る世界史",,,
"10112005","112",10,"112","世界史B講義の実況中継",,,
"10112006","112",10,"112","大学共通テスト　世界史Bの点数が面白いほどとれる本",,,
"10112007","112",10,"112","スーピードマスター世界史問題集ー世界史B",,,
"10112008","112",10,"112","世界史　標準問題精講",,,
"10112009","112",10,"112","段階式　世界史論述のトレーニング",,,
"10112010","112",10,"112","全レベル問題集　世界史B",,,
"10112011","112",10,"112","実力をつける世界史100題（Z会）",,,
"10112012","112",10,"112","世界史一問一答（山川・東進・Z会）",,,
"10112098","112",10,"112","学校教材・教科書",,,
"10112099","112",10,"112","その他",,,
"10113001","113",10,"113","詳説　日本史　日本史B",,,
"10113002","113",10,"113","日本史一問一答（山川・東進・Z会）",,,
"10113003","113",10,"113","ココが出る！！日本史ノート　歴史総合・日本史探究",,,
"10113004","113",10,"113","日本史『なぜ』と『流れ』がわかる本（東進）",,,
"10113005","113",10,"113","大学共通テスト　日本史Bの点数が面白いほどとれる本",,,
"10113006","113",10,"113","時代と流れで覚える！　日本史B用語",,,
"10113007","113",10,"113","スピードマスター日本史問題集ー日本史B",,,
"10113008","113",10,"113","イチから鍛える日本史",,,
"10113009","113",10,"113","日本史B講義の実況中継",,,
"10113010","113",10,"113","日本史　標準問題精講",,,
"10113011","113",10,"113","全レベル問題集　日本史B（旺文社）",,,
"10113012","113",10,"113","実力をつける日本史100題（Z会）",,,
"10113013","113",10,"113","日本史一問一答（山川・東進・Z会）",,,
"10113098","113",10,"113","学校教材・教科書",,,
"10113099","113",10,"113","その他",,,
"10114001","114",10,"114","地理Bの点数が面白いほどとれる本",,,
"10114002","114",10,"114","地理B　超重要問題の解き方　［地誌編］",,,
"10114003","114",10,"114","地理B　超重要問題の解き方　［系統地理編］",,,
"10114004","114",10,"114","地理B　講義の実況中継",,,
"10114005","114",10,"114","村瀬のゼロから分かる地理B",,,
"10114006","114",10,"114","山岡の地理B教室",,,
"10114007","114",10,"114","瀬川聡の大学入試共通テスト　地理B",,,
"10114008","114",10,"114","実力をつける地理100題（Z会）",,,
"10114009","114",10,"114","一問一答（山川・東進・Z会）",,,
"10114098","114",10,"114","学校教材・教科書",,,
"10114099","114",10,"114","その他",,,
"10505101","505",10,"101","高校リード問題集英語Ⅰ",,,
"10505102","505",10,"101","高校リード問題集英文法A",,,
"10505103","505",10,"101","Vision Quest",,,
"10505104","505",10,"101","英検",,,
"10505196","505",10,"101","英語単語帳",,,
"10505197","505",10,"101","英語学校教材・教科書",,,
"10505199","505",10,"101","英語その他",,,
"10505201","505",10,"104","入試現代文へのアクセス（基本編・発展編・完成編）",,,
"10505202","505",10,"104","得点奪取　現代文",,,
"10505203","505",10,"104","入試精選問題集",,,
"10505204","505",10,"104","現代文と格闘する",,,
"10505205","505",10,"104","標準問題精講　現代文",,,
"10505206","505",10,"104","全レベル別問題集（旺文社）",,,
"10505207","505",10,"104","現代文のトレーニング（Z会）",,,
"10505208","505",10,"104","新・現代文　レベル別問題集（東進）",,,
"10505209","505",10,"104","ちくま評論入門",,,
"10505210","505",10,"104","ちくま評論選",,,
"10505211","505",10,"104","出口式　現代文　新レベル別問題集",,,
"10505212","505",10,"104","Can Pass 現代文",,,
"10505213","505",10,"104","現代文ポラリス",,,
"10505296","505",10,"104","漢字・語彙・文法",,,
"10505298","505",10,"104","国語学校教材・過去問",,,
"10505299","505",10,"104","国語その他",,,
"11101001","101",11,"101","高校リード問題集英語Ⅱ",,,
"11101002","101",11,"101","高校リード問題集英文法B",,,
"11101003","101",11,"101","英検",,,
"11101096","101",11,"101","単語帳",,,
"11101098","101",11,"101","学校教材・教科書",,,
"11101099","101",11,"101","その他",,,
"11102001","102",11,"102","チャート式　基礎からの数学２＋B",,,
"11102002","102",11,"102","チャート式　解法と演習２＋B",,,
"11102003","102",11,"102","Focus Gold　数学２＋A",,,
"11102004","102",11,"102","4ステップ数学２＋B",,,
"11102005","102",11,"102","高校リード問題集　数学２",,,
"11102006","102",11,"102","高校リード問題集　数学B",,,
"11102007","102",11,"102","サクシード　数学２＋B",,,
"11102008","102",11,"102","アドバンス　数学２＋B",,,
"11102009","102",11,"102","短期集中ゼミ　数学２＋B",,,
"11102010","102",11,"102","Hi-PRIME　数学２＋B",,,
"11102011","102",11,"102","クリアー　数学２＋B",,,
"11102012","102",11,"102","マスグレード　数学２＋B",,,
"11102013","102",11,"102","フォレスタ　数学２",,,
"11102014","102",11,"102","フォレスタ　数学B",,,
"11102015","102",11,"102","体系数学問題集数学３　代数",,,
"11102016","102",11,"102","体系数学問題集数学３　幾何",,,
"11102017","102",11,"102","メジアン１・２・A・B",,,
"11102098","102",11,"102","学校教材・教科書",,,
"11102099","102",11,"102","数学高２その他",,,
"11104001","104",11,"104","入試現代文へのアクセス（基本編・発展編・完成編）",,,
"11104002","104",11,"104","得点奪取　現代文",,,
"11104003","104",11,"104","入試精選問題集",,,
"11104004","104",11,"104","現代文と格闘する",,,
"11104005","104",11,"104","標準問題精講　現代文",,,
"11104006","104",11,"104","全レベル別問題集（旺文社）",,,
"11104007","104",11,"104","現代文のトレーニング（Z会）",,,
"11104008","104",11,"104","新・現代文　レベル別問題集（東進）",,,
"11104009","104",11,"104","ちくま評論入門",,,
"11104010","104",11,"104","ちくま評論選",,,
"11104011","104",11,"104","出口式　現代文　新レベル別問題集",,,
"11104012","104",11,"104","Can Pass 現代文",,,
"11104013","104",11,"104","現代文ポラリス",,,
"11104096","104",11,"104","漢字・語彙・文法",,,
"11104098","104",11,"104","学校教材・過去問",,,
"11104099","104",11,"104","その他",,,
"11105001","105",11,"105","ステップアップノート　古典文法トレーニング",,,
"11105002","105",11,"105","ステップアップノート10　漢文　句形ドリルと演習",,,
"11105003","105",11,"105","ステップアップノート30　古典文法基礎ドリル",,,
"11105004","105",11,"105","漢文早覚え速答法",,,
"11105005","105",11,"105","Z会古文上達　読解と演習56",,,
"11105096","105",11,"105","単語帳",,,
"11105098","105",11,"105","学校教材・教科書",,,
"11105099","105",11,"105","その他",,,
"11107001","107",11,"107","セミナー化学基礎＋化学",,,
"11107002","107",11,"107","シグマ基本問題集　化学基礎",,,
"11107003","107",11,"107","シグマ基本問題集　化学",,,
"11107004","107",11,"107","リードLightノート化学",,,
"11107005","107",11,"107","リードLightノート化学基礎",,,
"11107006","107",11,"107","化学重要問題集ー化学基礎・化学ー",,,
"11107007","107",11,"107","化学[化学・化学基礎]基礎問題精講",,,
"11107008","107",11,"107","化学[化学・化学基礎]標準問題精講",,,
"11107098","107",11,"107","学校教材・教科書",,,
"11107099","107",11,"107","その他",,,
"11108001","108",11,"108","2022セミナー物理基礎＋物理",,,
"11108002","108",11,"108","2021物理重要問題集ー物理基礎・物理ー",,,
"11108003","108",11,"108","物理[物理基礎・物理]入門問題精講",,,
"11108004","108",11,"108","良問の風　物理　",,,
"11108005","108",11,"108","名門の森　物理　力学・熱・波動I",,,
"11108006","108",11,"108","名門の森　物理　波動II・電磁気・原子",,,
"11108098","108",11,"108","学校教材・教科書",,,
"11108099","108",11,"108","その他",,,
"11109001","109",11,"109","セミナー生物基礎＋生物",,,
"11109002","109",11,"109","ニューグローバル　生物",,,
"11109003","109",11,"109","入門問題精講　生物",,,
"11109004","109",11,"109","基礎問題精議　生物",,,
"11109005","109",11,"109","リードLightノート　生物基礎・生物",,,
"11109006","109",11,"109","生物基礎をはじめからていねいに（東進）",,,
"11109007","109",11,"109","ランク順　高校生物一問一答",,,
"11109008","109",11,"109","レベル別問題集（旺文社）",,,
"11109098","109",11,"109","学校教材・教科書",,,
"11109099","109",11,"109","その他",,,
"11112001","112",11,"112","詳説　世界史　世界史B",,,
"11112002","112",11,"112","ナビーゲーター世界史B",,,
"11112003","112",11,"112","時代と流れで覚える！世界史B用語",,,
"11112004","112",11,"112","タテ（ヨコ）から見る世界史",,,
"11112005","112",11,"112","世界史B講義の実況中継",,,
"11112006","112",11,"112","大学共通テスト　世界史Bの点数が面白いほどとれる本",,,
"11112007","112",11,"112","スーピードマスター世界史問題集ー世界史B",,,
"11112008","112",11,"112","世界史　標準問題精講",,,
"11112009","112",11,"112","段階式　世界史論述のトレーニング",,,
"11112010","112",11,"112","全レベル問題集　世界史B",,,
"11112011","112",11,"112","実力をつける世界史100題（Z会）",,,
"11112012","112",11,"112","世界史一問一答（山川・東進・Z会）",,,
"11112098","112",11,"112","学校教材・教科書",,,
"11112099","112",11,"112","その他",,,
"11113001","113",11,"113","詳説　日本史　日本史B",,,
"11113002","113",11,"113","日本史一問一答（山川・東進・Z会）",,,
"11113003","113",11,"113","ココが出る！！日本史ノート　歴史総合・日本史探究",,,
"11113004","113",11,"113","日本史『なぜ』と『流れ』がわかる本（東進）",,,
"11113005","113",11,"113","大学共通テスト　日本史Bの点数が面白いほどとれる本",,,
"11113006","113",11,"113","時代と流れで覚える！　日本史B用語",,,
"11113007","113",11,"113","スピードマスター日本史問題集ー日本史B",,,
"11113008","113",11,"113","イチから鍛える日本史",,,
"11113009","113",11,"113","日本史B講義の実況中継",,,
"11113010","113",11,"113","日本史　標準問題精講",,,
"11113011","113",11,"113","全レベル問題集　日本史B（旺文社）",,,
"11113012","113",11,"113","実力をつける日本史100題（Z会）",,,
"11113013","113",11,"113","日本史一問一答（山川・東進・Z会）",,,
"11113098","113",11,"113","学校教材・教科書",,,
"11113099","113",11,"113","その他",,,
"11114001","114",11,"114","地理Bの点数が面白いほどとれる本",,,
"11114002","114",11,"114","地理B　超重要問題の解き方　［地誌編］",,,
"11114003","114",11,"114","地理B　超重要問題の解き方　［系統地理編］",,,
"11114004","114",11,"114","地理B　講義の実況中継",,,
"11114005","114",11,"114","村瀬のゼロから分かる地理B",,,
"11114006","114",11,"114","山岡の地理B教室",,,
"11114007","114",11,"114","瀬川聡の大学入試共通テスト　地理B",,,
"11114008","114",11,"114","実力をつける地理100題（Z会）",,,
"11114009","114",11,"114","一問一答（山川・東進・Z会）",,,
"11114098","114",11,"114","学校教材・教科書",,,
"11114099","114",11,"114","その他",,,
"11505101","505",11,"101","高校リード問題集英語Ⅱ",,,
"11505102","505",11,"101","高校リード問題集英文法B",,,
"11505103","505",11,"101","英検",,,
"11505196","505",11,"101","英語単語帳",,,
"11505197","505",11,"101","英語学校教材・教科書",,,
"11505199","505",11,"101","英語その他",,,
"11505201","505",11,"104","入試現代文へのアクセス（基本編・発展編・完成編）",,,
"11505202","505",11,"104","得点奪取　現代文",,,
"11505203","505",11,"104","入試精選問題集",,,
"11505204","505",11,"104","現代文と格闘する",,,
"11505205","505",11,"104","標準問題精講　現代文",,,
"11505206","505",11,"104","全レベル別問題集（旺文社）",,,
"11505207","505",11,"104","現代文のトレーニング（Z会）",,,
"11505208","505",11,"104","新・現代文　レベル別問題集（東進）",,,
"11505209","505",11,"104","ちくま評論入門",,,
"11505210","505",11,"104","ちくま評論選",,,
"11505211","505",11,"104","出口式　現代文　新レベル別問題集",,,
"11505212","505",11,"104","Can Pass 現代文",,,
"11505213","505",11,"104","現代文ポラリス",,,
"11505296","505",11,"104","漢字・語彙・文法",,,
"11505298","505",11,"104","国語学校教材・過去問",,,
"11505299","505",11,"104","国語その他",,,
"12101001","101",12,"101","合格へ導く英語長文Rise 読解演習　1",,,
"12101002","101",12,"101","合格へ導く英語長文Rise 読解演習 2",,,
"12101003","101",12,"101","合格へ導く英語長文Rise 読解演習 3",,,
"12101004","101",12,"101","合格へ導く英語長文Rise 読解演習 4",,,
"12101005","101",12,"101","英語長文ハイパートレーニンング　レベル1",,,
"12101006","101",12,"101","英語長文ハイパートレーニンング レベル2",,,
"12101007","101",12,"101","英語長文ハイパートレーニンング　レベル3",,,
"12101008","101",12,"101","基礎からの新々総合問題",,,
"12101009","101",12,"101","入門英文解釈の技術70",,,
"12101010","101",12,"101","基礎英文解釈の技術100",,,
"12101011","101",12,"101","英文解釈の技術100",,,
"12101012","101",12,"101","やっておきたい英語長文300",,,
"12101013","101",12,"101","やっておきたい英語長文500",,,
"12101014","101",12,"101","やっておきたい英語長文700",,,
"12101015","101",12,"101","やっておきたい英語長文1000",,,
"12101016","101",12,"101","英語L&Rレベル別問題集1",,,
"12101017","101",12,"101","英語L&Rレベル別問題集2",,,
"12101018","101",12,"101","英語L&Rレベル別問題集3",,,
"12101019","101",12,"101","英語L&Rレベル別問題集4",,,
"12101020","101",12,"101","頻出英文法・語法問題１０００",,,
"12101021","101",12,"101","英文法ファイナル問題集　標準編",,,
"12101022","101",12,"101","英文法ファイナル問題集　難関大学編",,,
"12101023","101",12,"101","ポレポレ英文読解プロセス５０",,,
"12101024","101",12,"101","英文法・語法　良問５００　誤文訂正",,,
"12101025","101",12,"101","英文法・語法　良問５００　空所補充",,,
"12101026","101",12,"101","Next stage 4th",,,
"12101027","101",12,"101","Vintage 英文法・語法",,,
"12101028","101",12,"101","速読のプラチカ　入試精選問題集１",,,
"12101029","101",12,"101","速読のプラチカ　入試精選問題集２",,,
"12101030","101",12,"101","速読のプラチカ　入試精選問題集３",,,
"12101031","101",12,"101","ドラゴンイングリッシュ",,,
"12101032","101",12,"101","Vision Quest",,,
"12101043","101",12,"101","英検",,,
"12101096","101",12,"101","単語帳",,,
"12101097","101",12,"101","過去問",,,
"12101098","101",12,"101","学校教材・教科書",,,
"12101099","101",12,"101","その他",,,
"12102001","102",12,"102","チャート式　基礎からの数学３",,,
"12102002","102",12,"102","チャート式　解法と演習３",,,
"12102003","102",12,"102","Focus Gold　数学３",,,
"12102004","102",12,"102","4ステップ数学３",,,
"12102005","102",12,"102","サクシード　数学３",,,
"12102006","102",12,"102","アドバンス　数学３",,,
"12102007","102",12,"102","短期集中ゼミ　数学３",,,
"12102008","102",12,"102","Hi-PRIME　数学３",,,
"12102009","102",12,"102","クリアー　数学３",,,
"12102010","102",12,"102","マスグレード　数学３",,,
"12102011","102",12,"102","メジアン１・２・A・B",,,
"12102097","102",12,"102","過去問",,,
"12102098","102",12,"102","学校教材・教科書",,,
"12102099","102",12,"102","数学高３その他",,,
"12104001","104",12,"104","入試現代文へのアクセス（基本編・発展編・完成編）",,,
"12104002","104",12,"104","得点奪取　現代文",,,
"12104003","104",12,"104","入試精選問題集",,,
"12104004","104",12,"104","現代文と格闘する",,,
"12104005","104",12,"104","標準問題精講　現代文",,,
"12104006","104",12,"104","全レベル別問題集（旺文社）",,,
"12104007","104",12,"104","現代文のトレーニング（Z会）",,,
"12104008","104",12,"104","新・現代文　レベル別問題集（東進）",,,
"12104009","104",12,"104","ちくま評論入門",,,
"12104010","104",12,"104","ちくま評論選",,,
"12104011","104",12,"104","出口式　現代文　新レベル別問題集",,,
"12104012","104",12,"104","Can Pass 現代文",,,
"12104013","104",12,"104","現代文ポラリス",,,
"12104096","104",12,"104","漢字・語彙・文法",,,
"12104097","104",12,"104","過去問",,,
"12104098","104",12,"104","学校教材・過去問",,,
"12104099","104",12,"104","その他",,,
"12105001","105",12,"105","ステップアップノート　古典文法トレーニング",,,
"12105002","105",12,"105","ステップアップノート10　漢文　句形ドリルと演習",,,
"12105003","105",12,"105","ステップアップノート30　古典文法基礎ドリル",,,
"12105004","105",12,"105","漢文早覚え速答法",,,
"12105005","105",12,"105","Z会古文上達　読解と演習56",,,
"12105096","105",12,"105","単語帳",,,
"12105097","105",12,"105","過去問",,,
"12105098","105",12,"105","学校教材・教科書",,,
"12105099","105",12,"105","その他",,,
"12107001","107",12,"107","セミナー化学基礎＋化学",,,
"12107002","107",12,"107","シグマ基本問題集　化学基礎",,,
"12107003","107",12,"107","シグマ基本問題集　化学",,,
"12107004","107",12,"107","リードLightノート化学",,,
"12107005","107",12,"107","リードLightノート化学基礎",,,
"12107006","107",12,"107","化学重要問題集ー化学基礎・化学ー",,,
"12107007","107",12,"107","化学[化学・化学基礎]基礎問題精講",,,
"12107008","107",12,"107","化学[化学・化学基礎]標準問題精講",,,
"12107097","107",12,"107","過去問",,,
"12107098","107",12,"107","学校教材・教科書",,,
"12107099","107",12,"107","その他",,,
"12108001","108",11,"108","2022セミナー物理基礎＋物理",,,
"12108002","108",11,"108","2021物理重要問題集ー物理基礎・物理ー",,,
"12108003","108",11,"108","物理[物理基礎・物理]入門問題精講",,,
"12108004","108",11,"108","良問の風　物理　",,,
"12108005","108",11,"108","名門の森　物理　力学・熱・波動I",,,
"12108006","108",11,"108","名門の森　物理　波動II・電磁気・原子",,,
"12108097","108",11,"108","過去問",,,
"12108098","108",11,"108","学校教材・教科書",,,
"12108099","108",11,"108","その他",,,
"12109001","109",12,"109","セミナー生物基礎＋生物",,,
"12109002","109",12,"109","ニューグローバル　生物",,,
"12109003","109",12,"109","入門問題精講　生物",,,
"12109004","109",12,"109","基礎問題精議　生物",,,
"12109005","109",12,"109","リードLightノート　生物基礎・生物",,,
"12109006","109",12,"109","生物基礎をはじめからていねいに（東進）",,,
"12109007","109",12,"109","ランク順　高校生物一問一答",,,
"12109008","109",12,"109","レベル別問題集（旺文社）",,,
"12109097","109",12,"109","過去問",,,
"12109098","109",12,"109","学校教材・教科書",,,
"12109099","109",12,"109","その他",,,
"12112001","112",12,"112","詳説　世界史　世界史B",,,
"12112002","112",12,"112","ナビーゲーター世界史B",,,
"12112003","112",12,"112","時代と流れで覚える！世界史B用語",,,
"12112004","112",12,"112","タテ（ヨコ）から見る世界史",,,
"12112005","112",12,"112","世界史B講義の実況中継",,,
"12112006","112",12,"112","大学共通テスト　世界史Bの点数が面白いほどとれる本",,,
"12112007","112",12,"112","スーピードマスター世界史問題集ー世界史B",,,
"12112008","112",12,"112","世界史　標準問題精講",,,
"12112009","112",12,"112","段階式　世界史論述のトレーニング",,,
"12112010","112",12,"112","全レベル問題集　世界史B",,,
"12112011","112",12,"112","実力をつける世界史100題（Z会）",,,
"12112012","112",12,"112","世界史一問一答（山川・東進・Z会）",,,
"12112097","112",12,"112","過去問",,,
"12112098","112",12,"112","学校教材・教科書",,,
"12112099","112",12,"112","その他",,,
"12113001","113",12,"113","詳説　日本史　日本史B",,,
"12113002","113",12,"113","日本史一問一答（山川・東進・Z会）",,,
"12113003","113",12,"113","ココが出る！！日本史ノート　歴史総合・日本史探究",,,
"12113004","113",12,"113","日本史『なぜ』と『流れ』がわかる本（東進）",,,
"12113005","113",12,"113","大学共通テスト　日本史Bの点数が面白いほどとれる本",,,
"12113006","113",12,"113","時代と流れで覚える！　日本史B用語",,,
"12113007","113",12,"113","スピードマスター日本史問題集ー日本史B",,,
"12113008","113",12,"113","イチから鍛える日本史",,,
"12113009","113",12,"113","日本史B講義の実況中継",,,
"12113010","113",12,"113","日本史　標準問題精講",,,
"12113011","113",12,"113","全レベル問題集　日本史B（旺文社）",,,
"12113012","113",12,"113","実力をつける日本史100題（Z会）",,,
"12113013","113",12,"113","日本史一問一答（山川・東進・Z会）",,,
"12113097","113",12,"113","過去問",,,
"12113098","113",12,"113","学校教材・教科書",,,
"12113099","113",12,"113","その他",,,
"12114001","114",12,"114","地理Bの点数が面白いほどとれる本",,,
"12114002","114",12,"114","地理B　超重要問題の解き方　［地誌編］",,,
"12114003","114",12,"114","地理B　超重要問題の解き方　［系統地理編］",,,
"12114004","114",12,"114","地理B　講義の実況中継",,,
"12114005","114",12,"114","村瀬のゼロから分かる地理B",,,
"12114006","114",12,"114","山岡の地理B教室",,,
"12114007","114",12,"114","瀬川聡の大学入試共通テスト　地理B",,,
"12114008","114",12,"114","実力をつける地理100題（Z会）",,,
"12114009","114",12,"114","一問一答（山川・東進・Z会）",,,
"12114097","114",12,"114","過去問",,,
"12114098","114",12,"114","学校教材・教科書",,,
"12114099","114",12,"114","その他",,,
"12505101","505",12,"101","合格へ導く英語長文Rise 読解演習　1",,,
"12505102","505",12,"101","合格へ導く英語長文Rise 読解演習 2",,,
"12505103","505",12,"101","合格へ導く英語長文Rise 読解演習 3",,,
"12505104","505",12,"101","合格へ導く英語長文Rise 読解演習 4",,,
"12505105","505",12,"101","英語長文ハイパートレーニンング　レベル1",,,
"12505106","505",12,"101","英語長文ハイパートレーニンング レベル2",,,
"12505107","505",12,"101","英語長文ハイパートレーニンング　レベル3",,,
"12505108","505",12,"101","基礎からの新々総合問題",,,
"12505109","505",12,"101","入門英文解釈の技術70",,,
"12505110","505",12,"101","基礎英文解釈の技術100",,,
"12505111","505",12,"101","英文解釈の技術100",,,
"12505112","505",12,"101","やっておきたい英語長文300",,,
"12505113","505",12,"101","やっておきたい英語長文500",,,
"12505114","505",12,"101","やっておきたい英語長文700",,,
"12505115","505",12,"101","やっておきたい英語長文1000",,,
"12505116","505",12,"101","英語L&Rレベル別問題集1",,,
"12505117","505",12,"101","英語L&Rレベル別問題集2",,,
"12505118","505",12,"101","英語L&Rレベル別問題集3",,,
"12505119","505",12,"101","英語L&Rレベル別問題集4",,,
"12505120","505",12,"101","頻出英文法・語法問題１０００",,,
"12505121","505",12,"101","英文法ファイナル問題集　標準編",,,
"12505122","505",12,"101","英文法ファイナル問題集　難関大学編",,,
"12505123","505",12,"101","ポレポレ英文読解プロセス５０",,,
"12505124","505",12,"101","英文法・語法　良問５００　誤文訂正",,,
"12505125","505",12,"101","英文法・語法　良問５００　空所補充",,,
"12505126","505",12,"101","Next stage 4th",,,
"12505127","505",12,"101","Vintage 英文法・語法",,,
"12505128","505",12,"101","速読のプラチカ　入試精選問題集１",,,
"12505129","505",12,"101","速読のプラチカ　入試精選問題集２",,,
"12505130","505",12,"101","速読のプラチカ　入試精選問題集３",,,
"12505131","505",12,"101","ドラゴンイングリッシュ",,,
"12505132","505",12,"101","Vision Quest",,,
"12505133","505",12,"101","英検",,,
"12505196","505",12,"101","英語単語帳",,,
"12505197","505",12,"101","英語過去問",,,
"12505198","505",12,"101","英語学校教材・教科書",,,
"12505199","505",12,"101","英語その他",,,
"12505201","505",12,"104","入試現代文へのアクセス（基本編・発展編・完成編）",,,
"12505202","505",12,"104","得点奪取　現代文",,,
"12505203","505",12,"104","入試精選問題集",,,
"12505204","505",12,"104","現代文と格闘する",,,
"12505205","505",12,"104","標準問題精講　現代文",,,
"12505206","505",12,"104","全レベル別問題集（旺文社）",,,
"12505207","505",12,"104","現代文のトレーニング（Z会）",,,
"12505208","505",12,"104","新・現代文　レベル別問題集（東進）",,,
"12505209","505",12,"104","ちくま評論入門",,,
"12505210","505",12,"104","ちくま評論選",,,
"12505211","505",12,"104","出口式　現代文　新レベル別問題集",,,
"12505212","505",12,"104","Can Pass 現代文",,,
"12505213","505",12,"104","現代文ポラリス",,,
"12505296","505",12,"104","漢字・語彙・文法",,,
"12505297","505",12,"104","国語過去問",,,
"12505298","505",12,"104","国語学校教材・過去問",,,
"12505299","505",12,"104","国語その他",,,
